Score,Caucasian,African-American,Hispanic,Other
10,8.828006088,10.63291139,4.516129032,6.015037594
20,11.31221719,16.66666667,20,4.255319149
30,18.13471503,26.25899281,28.57142857,25
40,23.01587302,23.17596567,16,25
50,19.14893617,30.27027027,16.12903226,20
60,31.94444444,35.60209424,20,47.05882353
70,32.60869565,43.16546763,0,33.33333333
80,40,52.87356322,42.85714286,87.5
90,54.16666667,60.75949367,66.66666667,75
100,33.33333333,54.05405405,100,33.33333333
